"Showcase","Page","File"
"About","Main","about-main.md"
"About","Technical Leadership","about-technical-leadership.md"
"About","Full-Stack Engineer","about-full-stack-engineer.md"
"About","Systems Software Engineer","about-systems-software-engineer.md"
"Links","Main","links-main.md"
"GandySoft","Main","gandysoft-main.md"
"GandySoft","Data","gandysoft-data.md"
"GandySoft","Workflow","gandysoft-workflow.md"
"GandySoft","Subject Details","gandysoft-subject-details.md"
"GandySoft","Market Charts","gandysoft-market-charts.md"
"GandySoft","Form 1004MC","gandysoft-form-1004mc.md"
"GandySoft","Adjustment Analysis","gandysoft-adjustment-analysis.md"
"GandySoft","Basic Statistics","gandysoft-basic-statistics.md"
"GandySoft","Advanced Modeling","gandysoft-advanced-modeling.md"
"GandySoft","Reconciliation","gandysoft-reconciliation.md"
"GandySoft","Reporting","gandysoft-reporting.md"
